{
  "hash": "67dc3b9e",
  "configHash": "4c83f243",
  "lockfileHash": "0a48e70f",
  "browserHash": "b8bc1e01",
  "optimized": {
    "@angular/core": {
      "src": "../../../../../node_modules/@angular/core/fesm2022/core.mjs",
      "file": "@angular_core.js",
      "fileHash": "d6529cea",
      "needsInterop": false
    },
    "@angular/platform-browser": {
      "src": "../../../../../node_modules/@angular/platform-browser/fesm2022/platform-browser.mjs",
      "file": "@angular_platform-browser.js",
      "fileHash": "4bf46983",
      "needsInterop": false
    },
    "@angular/router": {
      "src": "../../../../../node_modules/@angular/router/fesm2022/router.mjs",
      "file": "@angular_router.js",
      "fileHash": "355647fe",
      "needsInterop": false
    },
    "@angular/common": {
      "src": "../../../../../node_modules/@angular/common/fesm2022/common.mjs",
      "file": "@angular_common.js",
      "fileHash": "13752680",
      "needsInterop": false
    }
  },
  "chunks": {
    "chunk-GQ4KWBAV": {
      "file": "chunk-GQ4KWBAV.js"
    },
    "chunk-TFREGN3R": {
      "file": "chunk-TFREGN3R.js"
    },
    "chunk-VTRHEDFP": {
      "file": "chunk-VTRHEDFP.js"
    }
  }
}